Station,Incubation,ExpID,Treat,Dilu,Id,Id1,Syn,Pro,Peuk,SynFSC,ProFSC,PeukFSC
K11,Night-1,K1,um0.1&kDa30,1,A,1,12.861430303856679,214.3301907124144,1.0347113904676344,0.06549348835990437,0.012644683264408532,1.1696258581684795
K11,Night-1,K1,um0.1&kDa30,1,A,2,13.209100318115244,215.03959786065886,1.004418933058685,0.0672393226621909,0.01256813111175769,1.2700366130542031
K11,Night-1,K1,um0.1&kDa30,1,A,3,12.480530751220735,215.96070655856454,1.0111148769621803,0.06650302325966918,0.012565042035545582,1.2683202849072814
K11,Night-1,K1,um0.1&kDa30,1,A,4,12.666213261136901,217.89392094358126,1.031362761550796,0.06605657071968522,0.012438447737119648,1.3647241160323986
K11,Night-1,K1,um0.1,0.819336337566571,B,1,10.24835687454937,174.90263029599615,0.7457291553060038,0.07315658790847261,0.013816452469172978,1.3648825186234212
K11,Night-1,K1,um0.1,0.819336337566571,B,2,10.055549617279867,174.25956352317593,0.7773514799053673,0.07056581826209143,0.013199231262353117,1.2922441452539302
K11,Night-1,K1,um0.1,0.819336337566571,B,3,10.493644589276016,174.63188161206898,0.7962664752939888,0.07271248247045614,0.01296931370982974,1.2949313183778157
K11,Night-1,K1,um0.1,0.819336337566571,B,4,10.259928427489516,176.7349238693327,0.8405023958450305,0.0682211931853258,0.013156346647735061,1.2073625079336316
K11,Night-1,K1,um0.1,0.5462242250443807,C,1,6.854749436626271,121.74689274183012,0.5174518011777742,0.07142568773847446,0.012631768754527171,1.2175668837841371
K11,Night-1,K1,um0.1,0.5462242250443807,C,2,7.119545857231451,119.47003944004997,0.537287066906185,0.06944846495489085,0.012969182836786292,1.2715430113782675
K11,Night-1,K1,um0.1,0.5462242250443807,C,3,7.199725093530881,119.95080647552626,0.5174524288402249,0.06950767531128553,0.01294573828428739,1.2404175025453403
K11,Night-1,K1,um0.1,0.5462242250443807,C,4,6.9651584139986955,119.74303624371412,0.5204538063760492,0.06953332364511002,0.013048835364476681,1.3862981016787044
K11,Night-1,K1,um0.1,0.27311211252219036,D,1,3.6908832239662166,62.643894719097844,0.25841800350448396,0.07177848273994067,0.01320452969114027,1.3233907033112802
K11,Night-1,K1,um0.1,0.27311211252219036,D,2,3.6232920773204387,61.25331725115336,0.26683075145211566,0.07079837189136745,0.012723477236811529,1.3275145787283522
K11,Night-1,K1,um0.1,0.27311211252219036,D,3,3.6400489384357275,60.54951775833134,0.2583985357531535,0.0712135694236577,0.01312033885716013,1.4077917399451496
K11,Night-1,K1,um0.1,0.27311211252219036,D,4,3.6066297091760777,62.38008768020431,0.2584189511247657,0.06849655734204607,0.013295083077790173,1.3011307970701083
K11,Night-1,K1,kDa30,0.819336337566571,E,1,10.28806401058746,175.7249338567071,0.7741325467672058,0.07191234826982226,0.013440779847860043,1.2933043130355226
K11,Night-1,K1,kDa30,0.819336337566571,E,2,10.50297049439045,179.9956971232101,0.8088983172510862,0.07196264929385231,0.013516657377294499,1.1970864326262625
K11,Night-1,K1,kDa30,0.819336337566571,E,3,10.496713998165452,178.24191349684318,0.8025783731288455,0.07177273651288578,0.013321661239015908,1.3313431509235896
K11,Night-1,K1,kDa30,0.819336337566571,E,4,10.588391160768968,177.79083369545384,0.8847357374637552,0.06900200717414247,0.013188947807170073,1.2050168792063154
K11,Night-1,K1,kDa30,0.5462242250443807,F,1,6.9350573681070955,121.16128655325441,0.5769301631929105,0.07110985608145326,0.013389858192744426,1.2843730606735941
K11,Night-1,K1,kDa30,0.5462242250443807,F,2,6.985669798819997,120.19577832311771,0.5144833686971289,0.07039899994808851,0.01305103198290308,1.2657425848663022
K11,Night-1,K1,kDa30,0.5462242250443807,F,3,7.006504802655021,121.62945937686936,0.5353016433911633,0.07203709496661206,0.012687017679919067,1.328521452497618
K11,Night-1,K1,kDa30,0.5462242250443807,F,4,7.300902300806516,119.79427530370097,0.5412466694473451,0.06902039243695604,0.012897847739841317,1.4179206615407733
K11,Night-1,K1,kDa30,0.27311211252219036,G,1,3.6404345961278066,62.8030647585931,0.2724710392334908,0.07200292564595207,0.013335049472345789,1.355553951588967
K11,Night-1,K1,kDa30,0.27311211252219036,G,2,3.642955588519223,61.83196940730129,0.2724497110245886,0.07134397904287519,0.01343828037349273,1.2247981842280604
K11,Night-1,K1,kDa30,0.27311211252219036,G,3,3.626369755980891,61.47925126018089,0.2865140186140455,0.0700416056683815,0.013029780805508817,1.23677914140186
K11,Night-1,K1,kDa30,0.27311211252219036,G,4,3.75269718164836,61.50940335608966,0.29212612791274656,0.07112135382649468,0.013080750550662174,1.2917634851857926
K11,Night-1,K1,T0,NA,T,NA,8.3514026054588,129.63001080128973,0.8666742807457845,0.10935940317790505,0.024126186410362252,1.4285206308166336
K11,Day-1,K2,um0.1&kDa30,1,A,1,8.558600542645898,173.33123095933243,0.7762755065357178,0.13193156716947202,0.029353652044023598,1.523070153385856
K11,Day-1,K2,um0.1&kDa30,1,A,2,8.170451021719689,173.60170077066283,0.8121526865431923,0.12883076865225213,0.029335860565806067,1.5723580378034663
K11,Day-1,K2,um0.1&kDa30,1,A,3,8.489460768698308,170.07142009550378,0.773038191488246,0.1335910582443307,0.028354327235755226,1.5777800550979484
K11,Day-1,K2,um0.1&kDa30,1,A,4,8.346643043737146,173.15288733101136,0.8349887587631166,0.13096511119672954,0.02944170812530588,1.5441675017134813
K11,Day-1,K2,um0.1,0.819336337566571,B,1,6.822980799636066,143.32246997656972,0.6212824063202866,0.13763660964152047,0.02895630608660249,1.54537734158134
K11,Day-1,K2,um0.1,0.819336337566571,B,2,7.112603592790242,141.39892311996647,0.603512732338165,0.14036416531665868,0.029267571162269475,1.5075893278318222
K11,Day-1,K2,um0.1,0.819336337566571,B,3,6.96618292893974,141.6323687957968,0.6193097651368288,0.14276446328449616,0.028742100511640202,1.5181993124615754
K11,Day-1,K2,um0.1,0.819336337566571,B,4,7.20421709618634,139.82500655282362,0.6193098907247905,0.13644402487851554,0.028798274508821185,1.5690661446938508
K11,Day-1,K2,um0.1,0.5462242250443807,C,1,4.561903219152883,97.77461151808754,0.407418996887072,0.14688880217584782,0.030970703522512043,1.6994568851904213
K11,Day-1,K2,um0.1,0.5462242250443807,C,2,4.915787496103576,97.95591309265194,0.42228785564416227,0.14424150614596634,0.031446287299086766,1.5520885341708606
K11,Day-1,K2,um0.1,0.5462242250443807,C,3,4.8178845165417865,99.46538553993142,0.4401518209301929,0.14652704734077276,0.03141406397228023,1.4964304349745552
K11,Day-1,K2,um0.1,0.5462242250443807,C,4,4.639388495690344,96.89911506112448,0.4312103416224322,0.14691999985620552,0.03175568998464883,1.801526338878571
K11,Day-1,K2,um0.1,0.27311211252219036,D,1,2.57274577078082,49.53939973759227,0.20503323752789981,0.15213796841470234,0.030726351734868727,1.4671009677133706
K11,Day-1,K2,um0.1,0.27311211252219036,D,2,2.595224414401941,50.424316395989734,0.22188607773347752,0.14951209745114108,0.030493481616953567,1.53739799815768
K11,Day-1,K2,um0.1,0.27311211252219036,D,3,2.440719945254427,49.898538333214006,0.22750093996275653,0.14940308264759605,0.029592984505310463,1.564902730518897
K11,Day-1,K2,um0.1,0.27311211252219036,D,4,2.564359508273759,49.91937183801565,0.1994191849271009,0.14817312271131428,0.029981138248952766,1.5984853483876047
K11,Day-1,K2,kDa30,0.819336337566571,E,1,6.820852314822276,143.54123810116798,0.5529579379317532,0.13915539899327045,0.029472055115136654,1.574531430952438
K11,Day-1,K2,kDa30,0.819336337566571,E,2,7.2769441763189135,141.69342449224683,0.6414324300395726,0.1415313721750187,0.029088457568949733,1.7157020095616522
K11,Day-1,K2,kDa30,0.819336337566571,E,3,7.286552854620549,141.93296810498492,0.5814075302948131,0.13815792665679952,0.028879162201122136,1.5629873552039126
K11,Day-1,K2,kDa30,0.819336337566571,E,4,6.761891500550969,141.55102963133874,0.5434824125174569,0.14110058042814597,0.027841506476276777,1.5371186146663756
K11,Day-1,K2,kDa30,0.5462242250443807,F,1,4.764134806986531,96.90047902836392,0.3628110977712183,0.14422546408825082,0.031250027820351405,1.4989681772121637
K11,Day-1,K2,kDa30,0.5462242250443807,F,2,4.618584554299316,97.6504594762015,0.37769533304206027,0.1422712578349416,0.030757141377079116,1.538597879559668
K11,Day-1,K2,kDa30,0.5462242250443807,F,3,4.454886391213915,95.87819576284153,0.36876229139554434,0.14564969567191394,0.031082040361242794,1.6943980568979602
K11,Day-1,K2,kDa30,0.5462242250443807,F,4,4.341887286092197,95.7990820788916,0.38346131429758895,0.14412716954804686,0.030127007197231055,1.809145942641813
K11,Day-1,K2,kDa30,0.27311211252219036,G,1,2.364923063983035,48.000633392091814,0.19660871752877773,0.15351749156150335,NA,1.769998899492618
K11,Day-1,K2,kDa30,0.27311211252219036,G,2,2.435468452088159,49.61623028085778,0.1775630844029532,0.15024694356517743,0.030506849117762656,1.5191677060151543
K11,Day-1,K2,kDa30,0.27311211252219036,G,3,2.4248415677794832,48.74402149062147,0.2265685551215367,0.14886912488761744,0.030086610148208404,1.471290619211441
K11,Day-1,K2,kDa30,0.27311211252219036,G,4,2.409878770926083,48.8857186717821,0.20222746859571128,0.1517758324626195,0.030097311925287324,1.4614730700893985
K11,Day-1,K2,T0,NA,T,NA,7.8132596931555165,176.78694558406238,0.9244591247898009,0.057714984928100385,0.012464730846632143,1.136674018669837
M4,Night-1,M1,um0.1&kDa30,1,A,1,5.118916025139777,187.67736083716045,0.8991944924748695,0.06221499247539221,0.011953019675167764,1.0884016331856268
M4,Night-1,M1,um0.1&kDa30,1,A,2,5.259611560605219,188.07309838536113,0.8504213296840428,0.06319286023019535,0.011804666265432437,1.2850696450436097
M4,Night-1,M1,um0.1&kDa30,1,A,3,5.151357442598088,187.42777728128,0.9641867768480122,0.06219319155890925,0.012264243818630473,1.1752713467461393
M4,Night-1,M1,um0.1&kDa30,1,A,4,4.991543585619335,189.96302646230407,0.9235569328196278,0.06195822902582292,0.012094686803653009,1.2649968737034163
M4,Night-1,M1,um0.1,0.819336337566571,B,1,4.271057021827032,149.69013023195959,0.6743774618864955,0.06464772250572107,0.011838190226690548,1.3404514035863104
M4,Night-1,M1,um0.1,0.819336337566571,B,2,3.9840231984630354,148.36761138179415,0.6337600543086228,0.06357126782056971,0.011721382868188373,1.218734108683088
M4,Night-1,M1,um0.1,0.819336337566571,B,3,4.225010260739205,148.86437769284018,0.6147951097577762,0.06387487315025538,0.011644498626433852,1.1894008463057573
M4,Night-1,M1,um0.1,0.819336337566571,B,4,4.1437553276854215,151.92748385241975,0.6364619524715371,0.06371897809129608,0.01137216894872839,1.3056696460352908
M4,Night-1,M1,um0.1,0.5462242250443807,C,1,2.714925956042967,102.90934059864242,0.45754132976046413,0.0626122224905239,0.01219992877676267,1.2574473579834233
M4,Night-1,M1,um0.1,0.5462242250443807,C,2,2.73016111099929,103.40740617448964,0.4575551244340352,0.06576572208541596,0.011901637500611717,1.2545984415351679
M4,Night-1,M1,um0.1,0.5462242250443807,C,3,2.821024697866736,104.39982014566245,0.4651152787277543,0.061604004523062666,0.012136813651927144,1.1750534280677316
M4,Night-1,M1,um0.1,0.5462242250443807,C,4,2.9347993719612218,105.51122989658508,0.4449027698553084,0.06183143255130191,0.01165615421849616,1.2077264031844661
M4,Night-1,M1,um0.1,0.27311211252219036,D,1,1.4765593880901813,53.04857437833272,0.2163519905119829,0.061196021237115164,0.011589032556654135,1.2001231639321501
M4,Night-1,M1,um0.1,0.27311211252219036,D,2,1.5122259860631087,52.86099685795823,0.19627711913503476,0.06296122108523541,0.011547960258892796,1.2319767411623055
M4,Night-1,M1,um0.1,0.27311211252219036,D,3,1.4788559379363586,53.858914537162775,0.21859067245020625,0.06398254692077451,0.01146629083189572,1.0891398289760854
M4,Night-1,M1,um0.1,0.27311211252219036,D,4,1.489903713612212,53.40011184326883,0.20965710940052085,0.06031991530683482,0.012133414394180825,1.169459215127282
M4,Night-1,M1,kDa30,0.819336337566571,E,1,4.170938440982046,149.61788148172445,0.6016262720931679,0.06684129263989337,0.012185491348600926,1.2454764023074163
M4,Night-1,M1,kDa30,0.819336337566571,E,2,4.198024834389512,152.27006635106324,0.6734905402392686,0.06167572940122096,0.012359804938597438,1.2075499521475739
M4,Night-1,M1,kDa30,0.819336337566571,E,3,4.214268411146878,151.10156469015703,0.6229317060178549,0.06457777752079646,0.011791781108936854,1.2601070825183447
M4,Night-1,M1,kDa30,0.819336337566571,E,4,4.16569510824648,151.0321278944386,0.5985809299250131,0.06397871707546729,0.011887411818414448,1.3299640976972533
M4,Night-1,M1,kDa30,0.5462242250443807,F,1,2.7149384478362375,105.6651965990393,0.4701849840020731,0.06504327013488778,0.011729875133572014,1.2240339198561367
M4,Night-1,M1,kDa30,0.5462242250443807,F,2,2.9339739641491285,102.48368763255777,0.41287956813321963,0.06433216876117176,0.01165768086471449,1.2999156774333922
M4,Night-1,M1,kDa30,0.5462242250443807,F,3,2.844684691417285,107.69370218407241,0.4095132430984021,0.062978514031506,0.011901447963771915,1.3060251034886647
M4,Night-1,M1,kDa30,0.5462242250443807,F,4,2.836211667891797,106.12285048256099,0.44489594790459563,0.06368171035371366,0.011579855315836749,1.2602439866075201
M4,Night-1,M1,kDa30,0.27311211252219036,G,1,1.4921523246211466,54.297400872984085,0.2007378347185156,0.06043704220210627,0.012235286806481754,1.275044577715597
M4,Night-1,M1,kDa30,0.27311211252219036,G,2,1.440834689413041,54.339303413000565,0.2163491126987923,0.06739549663025766,0.012140838679142552,1.2881890217813239
M4,Night-1,M1,kDa30,0.27311211252219036,G,3,1.4409064115433954,53.21394725796685,0.20520552226601743,0.06487286438158077,0.011766873401124008,1.3565166132194673
M4,Night-1,M1,kDa30,0.27311211252219036,G,4,1.4766123738440353,52.87999058664214,0.22304641631963723,0.06356099489064135,0.012348709464746858,1.131199209513166
M4,Night-1,M1,T0,NA,T,NA,4.248290101449263,144.69791764270312,0.7990101533345509,0.08516439812762905,0.018021625852997925,1.3062502306218944
M4,Day-1,M2,um0.1&kDa30,1,A,1,4.238684511252957,156.9017458170904,0.6689807177367761,0.12139724564285877,0.02785164014143863,1.752416413865875
M4,Day-1,M2,um0.1&kDa30,1,A,2,4.187178167457409,156.94340771776325,0.6418896169505823,0.11573738527858511,0.02747372201014619,1.6249771751021533
M4,Day-1,M2,um0.1&kDa30,1,A,3,4.105900787417697,154.28003460056843,0.6879279683404322,0.12127797772224294,0.027347089499860467,1.5822195679307696
M4,Day-1,M2,um0.1&kDa30,1,A,4,3.916285246567219,155.71937830901646,0.6337541685426227,0.11375982768583051,0.02714616278091198,1.6325815889290458
M4,Day-1,M2,um0.1,0.819336337566571,B,1,3.3204769447842963,128.0576349325487,0.4766737859930606,0.1134849821895472,0.02575796505721624,1.6624828393294397
M4,Day-1,M2,um0.1,0.819336337566571,B,2,3.45862199136371,125.22263538760856,0.4739701257940737,0.12567470747903298,0.026043674572799047,1.5377782563438456
M4,Day-1,M2,um0.1,0.819336337566571,B,3,3.3367527438562274,124.77265111879835,0.48751494426388425,0.11701690534086796,0.026236286916633517,1.4713610370301329
M4,Day-1,M2,um0.1,0.819336337566571,B,4,3.2961057466105443,126.03466796347413,0.45771632972900755,0.12500867660333453,0.02619350176749437,1.6384132272002907
M4,Day-1,M2,um0.1,0.5462242250443807,C,1,2.3030207498041877,87.48643653135431,0.3134682611193587,0.12283753479074005,0.027866911334920405,1.5351689301707803
M4,Day-1,M2,um0.1,0.5462242250443807,C,2,2.2067862442160218,85.71329754132358,0.33114405815784276,0.1223614832718142,0.027462130937987907,1.5515885710200077
M4,Day-1,M2,um0.1,0.5462242250443807,C,3,2.3180289992278027,86.96272387187827,0.3387290419669338,0.12436362829561448,0.027574297039356443,1.5686037783575189
M4,Day-1,M2,um0.1,0.5462242250443807,C,4,2.383733834113356,85.20268146390703,0.3488420776414129,0.12122318183627369,0.026952579587696545,1.6028902914193721
M4,Day-1,M2,um0.1,0.27311211252219036,D,1,1.153223771424955,45.16760565054328,0.1583723944132236,0.1329475501311799,0.02721143813766054,1.7254454111673359
M4,Day-1,M2,um0.1,0.27311211252219036,D,2,1.2312070832135464,45.86713149225832,0.14274861275793238,0.1311039706073928,0.02886097026746727,1.7905398878286154
M4,Day-1,M2,um0.1,0.27311211252219036,D,3,1.1821232467620435,44.23147992337627,0.16504985456593094,0.12837632106473437,0.026345298973778908,1.6354304862426292
M4,Day-1,M2,um0.1,0.27311211252219036,D,4,1.1450768921817214,44.039520561654335,0.15465928099526097,0.13341531282324098,0.028023754626948134,1.5449493049157583
M4,Day-1,M2,kDa30,0.819336337566571,E,1,3.2770950372441803,126.08961698672732,0.47125168304172504,0.12188872286887277,0.026955221610753338,1.7086710461257542
M4,Day-1,M2,kDa30,0.819336337566571,E,2,3.4396437727881986,125.9667967499048,0.43334094775284393,0.12059303346012776,0.028101530490766982,1.58490509651981
M4,Day-1,M2,kDa30,0.819336337566571,E,3,3.3936150161499787,124.00377221390596,0.47667752357585,0.12015189750003474,0.02652687189795748,1.6497732474498479
M4,Day-1,M2,kDa30,0.819336337566571,E,4,3.4179415688123824,126.7293920692881,0.4495871080083975,0.1161594465990138,0.026388832275942225,1.6117033503992013
M4,Day-1,M2,kDa30,0.5462242250443807,F,1,2.2599188489794226,83.63720829026713,0.3336787614480058,0.12051280621739485,0.027612364131261495,1.637119788663937
M4,Day-1,M2,kDa30,0.5462242250443807,F,2,2.3121128388297114,87.23820291541622,0.32187612239678276,0.11804762760665559,0.027787439683137724,1.6227580903409913
M4,Day-1,M2,kDa30,0.5462242250443807,F,3,2.2042435124736937,83.26327477247922,0.32355866173196124,0.12865846573161258,0.02756816278258855,1.5904744505875734
M4,Day-1,M2,kDa30,0.5462242250443807,F,4,2.2648907008014496,86.8899028452556,0.30333357600019417,0.12290984000238954,0.027494476276804358,1.6479887566653009
M4,Day-1,M2,kDa30,0.27311211252219036,G,1,1.2022164791558632,44.053766545507436,0.14944101578309188,0.1297268157888431,0.027423011423507143,1.5254391264399358
M4,Day-1,M2,kDa30,0.27311211252219036,G,2,1.0810262027756128,42.97486213388153,0.1412618154868021,0.13348101181468486,0.027083301104875945,1.7170687836343415
M4,Day-1,M2,kDa30,0.27311211252219036,G,3,1.1137461284614176,42.643495127141904,0.1539021275557734,0.124589162095527,0.026203096413178625,1.7443472519194905
M4,Day-1,M2,kDa30,0.27311211252219036,G,4,1.2267350017920835,43.23683788320439,0.1472082539560881,0.13224614969681736,0.026410647545825557,1.872662394006563
M4,Day-1,M2,T0,NA,T,NA,4.267040941941628,160.2070424762516,0.951993240039422,0.05648749404066113,0.011282382081175473,1.1075460618735815
M4,Night-2,M3,um0.1&kDa30,1,A,1,4.3463993271475525,187.22795802278756,0.8111317567376213,0.0575757076048693,0.011449108296407898,1.1273805860683435
M4,Night-2,M3,um0.1&kDa30,1,A,2,4.425469115637583,187.3619231660407,0.8287595172515,0.058838552044882614,0.011603774569220987,1.2203060784056299
M4,Night-2,M3,um0.1&kDa30,1,A,3,4.306318285904248,193.00972724948446,0.7962626264502194,0.06005786266122129,0.011498942886155997,1.1722413875457116
M4,Night-2,M3,um0.1&kDa30,1,A,4,4.517551985164639,194.52616785749353,0.77188381844135745,0.058356377712069904,0.011302903096759314,1.1521041949097204
M4,Night-2,M3,um0.1,0.819336337566571,B,1,3.445254948866215,157.03537061742566,0.6933846437969743,0.06495673527368773,0.011394585694781884,1.1990254614401452
M4,Night-2,M3,um0.1,0.819336337566571,B,2,3.485699236621918,156.89439169476861,0.6879301304420766,0.06784643632627654,0.011987490662159124,1.1813005683912376
M4,Night-2,M3,um0.1,0.819336337566571,B,3,3.7862923970872577,156.68964589420722,0.647299071783517,0.06394698388036399,0.011427437258223363,1.159732697801981
M4,Night-2,M3,um0.1,0.819336337566571,B,4,3.423358613119058,156.4453281942826,0.709590125124531,0.061819686211163044,0.011411998468614092,1.2721885672775453
M4,Night-2,M3,um0.1,0.5462242250443807,C,1,2.434258123631506,107.29946855493978,0.4853352099628119,0.06280313279398284,0.011946858574016839,1.2032106739137765
M4,Night-2,M3,um0.1,0.5462242250443807,C,2,2.4773529025124934,107.95258422785271,0.4398563407013568,0.06306874273773447,0.011832287716693056,1.2802497993871262
M4,Night-2,M3,um0.1,0.5462242250443807,C,3,2.507590996174968,107.8213572085152,0.4499508037491374,0.05904081242563606,0.01164243281987063,1.2711433880179233
M4,Night-2,M3,um0.1,0.5462242250443807,C,4,2.474784261202533,109.01171052458025,0.45500339735870027,0.061701803340194664,0.012009106855129879,1.215271007866674
M4,Night-2,M3,um0.1,0.27311211252219036,D,1,1.1955155128775274,54.35580792691296,0.223043938969688,0.06508931101461601,0.012171864500254854,1.1730089073354732
M4,Night-2,M3,um0.1,0.27311211252219036,D,2,1.1330465629116095,54.74533013026484,0.21188866924307892,0.06580284355115082,0.011616084660311013,1.1543959840686504
M4,Night-2,M3,um0.1,0.27311211252219036,D,3,1.22678099461528,54.94192662948646,0.23420354163633694,0.06331308791564214,0.011614171091719373,1.3102562788077472
M4,Night-2,M3,um0.1,0.27311211252219036,D,4,1.235644713380808,53.84201365502826,0.22527124837412799,0.06641970989516878,0.01154624706434643,1.1530495181196547
M4,Night-2,M3,kDa30,0.819336337566571,E,1,3.6780637892182346,152.42568036054772,0.7150286011440457,0.062480303687937035,0.01110289718539135,1.2958284284061743
M4,Night-2,M3,kDa30,0.819336337566571,E,2,3.623757247514495,157.19712824679854,0.6825007335727153,0.06573915967408595,0.011817162707662063,1.33371660052142
M4,Night-2,M3,kDa30,0.819336337566571,E,3,3.553347495660457,153.62787309626324,0.6716693533457385,0.06710898664584028,0.011900676193550275,1.2567087379201685
M4,Night-2,M3,kDa30,0.819336337566571,E,4,3.4910823881581536,155.41682405890555,0.6418823915254519,0.0649100262859282,0.011489714663497358,1.1731188595413489
M4,Night-2,M3,kDa30,0.5462242250443807,F,1,2.502541709028484,108.65075529036596,0.45500758345972436,0.06376297847069948,0.011751629517487795,1.2538343112959742
M4,Night-2,M3,kDa30,0.5462242250443807,F,2,2.381203259507699,107.86529409816563,0.4533220749638873,0.0628724395488369,0.011784604902629902,1.291801682787363
M4,Night-2,M3,kDa30,0.5462242250443807,F,3,2.517691427583908,107.31645272455302,0.4853381476659321,0.0628169291435473,0.011927421705217526,1.238138202723256
M4,Night-2,M3,kDa30,0.5462242250443807,F,4,2.436804420172771,107.69967751647418,0.4145600880791852,0.06447638768140393,0.011522113452813058,1.2887232999413656
M4,Night-2,M3,kDa30,0.27311211252219036,G,1,1.2579759558058368,54.333855112464875,0.227506289879779,0.06646713264337292,0.011656675933399559,1.3313768732971938
M4,Night-2,M3,kDa30,0.27311211252219036,G,2,1.2624076044888985,55.04186371656721,0.24088342983180394,0.06500860842744519,0.011635042081819903,1.2798992591987448
M4,Night-2,M3,kDa30,0.27311211252219036,G,3,1.2668768749259116,54.1746033718493,0.2185808958532929,0.06545803279584335,0.011793235324891852,1.1780920375575041
M4,Night-2,M3,kDa30,0.27311211252219036,G,4,1.1732315390820591,53.99085411284838,0.24758304611606624,0.06357662349531355,0.01199250327492163,1.173393435860639
M4,Night-2,M3,T0,NA,T,NA,3.602147954752106,134.4787905346833,0.7865143864180363,0.0859911037333765,0.02012507507236163,1.3000975547992628
M4,Day-2,M4,um0.1&kDa30,1,A,1,4.019320549224837,156.650580812713,0.7041936272226803,0.1265058199286968,0.026728275553962254,1.7006102187287846
M4,Day-2,M4,um0.1&kDa30,1,A,2,4.030033856036686,157.20431907854936,0.7177144255941985,0.123428501040382,0.026906022353255517,1.5731685298691385
M4,Day-2,M4,um0.1&kDa30,1,A,3,3.984024291630625,157.27281496563916,0.6391773051775343,0.12105999837249504,0.02661942449036588,1.5306590575222079
M4,Day-2,M4,um0.1&kDa30,1,A,4,4.0788298285266436,157.590167598042,0.6716798124001379,0.11937144298068647,0.025342625551491235,1.6998338020356754
M4,Day-2,M4,um0.1,0.819336337566571,B,1,3.3070196840984285,129.44803960157452,0.4875231470577719,0.11667624688990855,0.025950296528798072,1.6248601396957176
M4,Day-2,M4,um0.1,0.819336337566571,B,2,3.2392009630972125,125.91714521475768,0.47125475743701584,0.11483625990552268,0.026226370822011097,1.628519631474957
M4,Day-2,M4,um0.1,0.819336337566571,B,3,3.1498307885510037,128.62305686739137,0.5064640228788434,0.11919690351350465,0.0265349494998496,1.5895592738383515
M4,Day-2,M4,um0.1,0.819336337566571,B,4,3.304252092030011,127.74996994684537,0.49563782003399054,0.11984154212800407,0.02599019365198156,1.5579501550442085
M4,Day-2,M4,um0.1,0.5462242250443807,C,1,2.335694695003007,89.54001892467154,0.3235594382688148,0.11957817921057232,0.025777722552793998,1.6348801855991277
M4,Day-2,M4,um0.1,0.5462242250443807,C,2,2.2371536624251505,88.03422530150513,0.2995507357784083,0.11838726350137872,0.024638402708063615,1.582185214769798
M4,Day-2,M4,um0.1,0.5462242250443807,C,3,2.361042590682695,89.68422576142511,0.3564315083745461,0.12491855593292644,0.025773732671782783,1.5529591726591003
M4,Day-2,M4,um0.1,0.5462242250443807,C,4,2.2295717847114056,87.95679940979679,0.37917737894883485,0.1222519212388936,0.024868987421020602,1.5524192357762696
M4,Day-2,M4,um0.1,0.27311211252219036,D,1,1.1063448229943396,44.180171501009625,0.169520676408303,0.12320177555258163,0.02658094856599966,1.6361060388211557
M4,Day-2,M4,um0.1,0.27311211252219036,D,2,1.146429121572252,45.237300388747016,0.1494453161762099,0.12351354747693981,0.02678963644038644,1.489831660179081
M4,Day-2,M4,um0.1,0.27311211252219036,D,3,1.1576201372042743,46.40961416424902,0.1851295602574623,0.1299000179174658,0.026688319933133045,1.7205140752315442
M4,Day-2,M4,um0.1,0.27311211252219036,D,4,1.1197228605278184,43.87465866717153,0.16665453455847157,0.13159471845812362,0.02677841853491674,1.42615530053772
M4,Day-2,M4,kDa30,0.819336337566571,E,1,3.2285420926808133,130.5716995104024,0.4766942848634227,0.12359344557461971,0.026067832259299133,1.5606574538055653
M4,Day-2,M4,kDa30,0.819336337566571,E,2,3.195994959364135,129.9524052121112,0.5254432390819003,0.12091166730717492,0.02556602183840786,1.5638610015171928
M4,Day-2,M4,kDa30,0.819336337566571,E,3,3.2798822605721534,128.42732096157576,0.5362645592934687,0.12044297746479443,0.025750542788270648,1.5338576573187421
M4,Day-2,M4,kDa30,0.819336337566571,E,4,3.152636290046762,128.4563950927338,0.5173151522106209,0.11631862351451938,0.02555420241764587,1.6140641375234517
M4,Day-2,M4,kDa30,0.5462242250443807,F,1,2.3575545124032975,90.099631283184,0.37426474469354243,0.12954560304269783,0.026072481720241028,1.659962565936256
M4,Day-2,M4,kDa30,0.5462242250443807,F,2,2.157166121323075,86.99944662839607,0.30166539733976994,0.12480739027177748,0.026141627643753267,1.6510603858943822
M4,Day-2,M4,kDa30,0.5462242250443807,F,3,2.242230430910638,85.59912172524682,0.3058723956042999,0.1142044874477186,0.024456689907192738,1.6366755094390835
M4,Day-2,M4,kDa30,0.5462242250443807,F,4,2.246397974739167,85.6732121060331,0.30671026469945556,0.12486474116041221,0.025164935495141812,1.6083314743845591
M4,Day-2,M4,kDa30,0.27311211252219036,G,1,1.1330459730415552,44.21780371523184,0.15612845860129515,0.12808653263126762,0.026203330705615674,1.689471002393472
M4,Day-2,M4,kDa30,0.27311211252219036,G,2,1.0906797957565997,45.15057475444282,0.16059089134151178,0.12769782744968083,0.026856637794041918,1.8177492841358172
M4,Day-2,M4,kDa30,0.27311211252219036,G,3,1.0661673609264557,44.46454020533929,0.14275047226854298,0.1256359499338136,0.02495242257768015,1.6109573451834265
M4,Day-2,M4,kDa30,0.27311211252219036,G,4,1.1018146328669525,43.54175154418754,0.15612757955604592,0.12600147636990508,0.025912399656573278,1.5901271050156693
M4,Day-2,M4,T0,NA,T,NA,4.068064764710245,164.52815411393726,0.8793369501826023,0.05389414102822126,0.0122933371490703,1.1168470060164664
SEATS,Day-1,S1,um0.1&kDa30,1,A,1,5.088274492629863,160.28815888025449,0.5236338146794555,0.10935623869919484,0.022056661547088158,1.5407256665896736
SEATS,Day-1,S1,um0.1&kDa30,1,A,2,5.066826902528407,155.66120043767168,0.5525425895986626,0.1016875502398587,0.019836318209344776,1.5307079993315211
SEATS,Day-1,S1,um0.1&kDa30,1,A,3,4.813661619263735,158.41010965182076,0.5946397973725925,0.10872449126146333,0.021242734619097262,1.6221417475376325
SEATS,Day-1,S1,um0.1&kDa30,1,A,4,4.978619336333551,156.50396136990372,0.4887134969975548,0.1099178294868201,0.02003946934411956,1.6162142662863959
SEATS,Day-1,S1,um0.1,0.819336337566571,B,1,4.1520931653334046,124.77676666719512,0.4414784190043253,0.10346985787314919,0.02042849779552773,1.6807839681923777
SEATS,Day-1,S1,um0.1,0.819336337566571,B,2,4.0878234704551595,129.14019405653255,0.47938006618464934,0.10726202670626044,0.02131305571123851,1.701433369394862
SEATS,Day-1,S1,um0.1,0.819336337566571,B,3,4.08703966285643,125.53098010351758,0.45230989409786493,0.10229417267114636,0.020206890656739415,1.4381155638420067
SEATS,Day-1,S1,um0.1,0.819336337566571,B,4,4.002079846381387,127.67934062548106,0.4875056411367046,0.11037910061541968,0.02118894989643088,1.6719960062392945
SEATS,Day-1,S1,um0.1,0.5462242250443807,C,1,2.735080807186659,87.51753854829605,0.2864839782876706,0.11476072112865493,0.021408536802565686,1.7250600922817931
SEATS,Day-1,S1,um0.1,0.5462242250443807,C,2,2.7805707898001137,88.26544467030625,0.31597404797230966,0.11207824218355562,0.02220781022670834,1.6744447616823086
SEATS,Day-1,S1,um0.1,0.5462242250443807,C,3,2.727511500469431,84.18591929593636,0.28058737177534177,0.11322030987149488,0.01993384069882321,1.6348324276717872
SEATS,Day-1,S1,um0.1,0.5462242250443807,C,4,2.7022142121655053,86.49233558676723,0.2679461060481657,0.1172617624639981,0.021581177147285635,1.6963158495708819
SEATS,Day-1,S1,um0.1,0.27311211252219036,D,1,1.4520744902468186,44.52806931900229,0.1382926286419104,0.12375339827832499,0.022062615269903448,1.6197677984659675
SEATS,Day-1,S1,um0.1,0.27311211252219036,D,2,1.3940219703461976,44.269684797652175,0.13382620961191044,0.12038756766303799,0.021850578870245087,1.6215552934843624
SEATS,Day-1,S1,um0.1,0.27311211252219036,D,3,1.4342627649877902,45.30746688889162,0.13383398361170973,0.1203197865228683,0.0220358149526428,1.6130205795826782
SEATS,Day-1,S1,um0.1,0.27311211252219036,D,4,1.3342351776642478,45.40744955650106,0.16299749565701754,0.12134247596080128,0.021913466886347464,1.676913720864224
SEATS,Day-1,S1,kDa30,0.819336337566571,E,1,4.088548296552423,128.63190700504813,0.373429408119603,0.11543348215858099,0.022553619061014413,1.5463048757274596
SEATS,Day-1,S1,kDa30,0.819336337566571,E,2,3.9253621189067793,125.22697949883933,0.39722995796774024,0.10942039583204227,0.02164415971361739,1.5179039540351582
SEATS,Day-1,S1,kDa30,0.819336337566571,E,3,4.038234593662797,132.77579916960363,0.44959608378745186,0.11105928743854512,0.022993764050919473,1.7369274636163405
SEATS,Day-1,S1,kDa30,0.819336337566571,E,4,4.0769823898532485,129.63647407381967,0.4279204722973007,0.12051365752962875,0.022533374016704633,1.7224983103736065
SEATS,Day-1,S1,kDa30,0.5462242250443807,F,1,2.7578775594274454,83.27478837356097,0.25784011136681445,0.12176853283447622,0.019380795594011242,1.6658185687106584
SEATS,Day-1,S1,kDa30,0.5462242250443807,F,2,2.7603789715989966,87.01760923670255,0.2730045136746261,0.1232397257070638,0.023168836379726894,1.7313395591891103
SEATS,Day-1,S1,kDa30,0.5462242250443807,F,3,2.7199356717824434,84.07027934213801,0.27806033819337245,0.1202243072426431,0.020044384741953254,1.5145848670289057
SEATS,Day-1,S1,kDa30,0.5462242250443807,F,4,2.864007845673025,85.6699753222131,0.2831146217536861,0.12056485605045975,0.02117877690028331,1.7255931284751127
SEATS,Day-1,S1,kDa30,0.27311211252219036,G,1,1.3294125603282936,42.67058775912177,0.12044588094499692,0.11653423027953799,NA,1.6662555150334915
SEATS,Day-1,S1,kDa30,0.27311211252219036,G,2,1.2757979722684873,44.90064017405929,0.12936413005519626,0.12299843796502863,0.020448208783848128,1.6490137093323798
SEATS,Day-1,S1,kDa30,0.27311211252219036,G,3,1.385958496935569,43.86738630074322,0.13235010785573945,0.12038288845393261,NA,1.7656469503933954
SEATS,Day-1,S1,kDa30,0.27311211252219036,G,4,1.3272825354603888,42.838953393038935,0.12938987130399968,0.11674918141269143,NA,1.7400543412143326
SEATS,Day-1,S1,T0,NA,T,NA,5.117001764547291,176.36322583168192,0.9051977262793857,0.05185103168194265,0.011942492799634722,1.0524371331294027
SEATS,Night-1,S2,um0.1&kDa30,1,A,1,5.676689175356994,192.60704400618138,0.8025052188732706,0.0652760414708943,0.011976410112517327,1.2816784077110082
SEATS,Night-1,S2,um0.1&kDa30,1,A,2,5.489971851079462,190.17178698533195,0.7764096373604273,0.06373092991948233,0.011899910492940239,1.2512841797407008
SEATS,Night-1,S2,um0.1&kDa30,1,A,3,5.611702741898578,189.70371952391122,0.8353077048637652,0.06643972225908822,0.01177950049443183,1.291698934230535
SEATS,Night-1,S2,um0.1&kDa30,1,A,4,5.573902884193394,189.94002949783066,0.8090934723165999,0.06506435117887002,0.011927514458385904,1.2053277904555024
SEATS,Night-1,S2,um0.1,0.819336337566571,B,1,4.490456285746097,158.56344869110865,0.5931300305875196,0.06282278286484506,0.012269511477688733,1.3746121489509966
SEATS,Night-1,S2,um0.1,0.819336337566571,B,2,4.360596203373758,157.9592167667396,0.6066926799482771,0.06614790575188526,0.012734563537251104,1.2918619738489103
SEATS,Night-1,S2,um0.1,0.819336337566571,B,3,4.409211562782374,156.36993119952808,0.6147979287845514,0.06665896599071439,0.012636990430620058,1.2663695256632495
SEATS,Night-1,S2,um0.1,0.819336337566571,B,4,4.479610817750807,153.92572451811571,0.5525032871725001,0.06683391506891576,0.012475253972051445,1.2837643270016361
SEATS,Night-1,S2,um0.1,0.5462242250443807,C,1,3.085633217440312,107.50171554003106,0.39434163666227395,0.06869234215532369,0.01174008142537301,1.2581261224828686
SEATS,Night-1,S2,um0.1,0.5462242250443807,C,2,3.1017840248281634,108.04180001221698,0.43480330154515473,0.06950942542444873,0.011747849933114004,1.3316311145511643
SEATS,Night-1,S2,um0.1,0.5462242250443807,C,3,2.9777618020289434,107.17413229220818,0.42972767627479025,0.06854011047461869,0.011845236776612398,1.1645663907650712
SEATS,Night-1,S2,um0.1,0.5462242250443807,C,4,3.1774940783125807,109.65260451066096,0.41203782005458844,0.06611400234527498,0.012036602508340107,1.1476646198934208
SEATS,Night-1,S2,um0.1,0.27311211252219036,D,1,1.5546073682114843,54.7458352436967,0.194047444439794,0.06490939549462983,0.011348202827519659,1.2820515520111309
SEATS,Night-1,S2,um0.1,0.27311211252219036,D,2,1.5235180234030576,54.62589392653423,0.18960306012145337,0.06519460711935568,0.011110897011500618,1.143935576504894
SEATS,Night-1,S2,um0.1,0.27311211252219036,D,3,1.588050799115633,54.863586455963954,0.19181512461228148,0.06644137462522876,0.01120813461634166,1.135043187172048
SEATS,Night-1,S2,um0.1,0.27311211252219036,D,4,1.5747127185113086,55.45174487010952,0.21858624117875658,0.06413033538002232,0.011774365066408738,1.298936163321199
SEATS,Night-1,S2,kDa30,0.819336337566571,E,1,4.238591508012428,158.7048126446357,0.5795903155110648,0.06807481960030666,0.012523532070419468,1.3541465663051306
SEATS,Night-1,S2,kDa30,0.819336337566571,E,2,4.2087565835825,156.54191251487913,0.55520921393007,0.06557882362457142,0.012568316177535826,1.2886112707472468
SEATS,Night-1,S2,kDa30,0.819336337566571,E,3,4.569076388268487,158.39547241836607,0.5714731068379498,0.06683777681266372,0.012434491805745098,1.1937543778584274
SEATS,Night-1,S2,kDa30,0.819336337566571,E,4,4.329803456320475,156.84067392422557,0.599456406309516,0.06948443976878876,0.012626798961964347,1.3463267628008395
SEATS,Night-1,S2,kDa30,0.5462242250443807,F,1,2.923825651798203,106.57050432404922,0.43646731036223024,0.06563569351981813,0.012644956270203438,1.1926840023586203
SEATS,Night-1,S2,kDa30,0.5462242250443807,F,2,3.024912526339018,106.99764246215986,0.3606302151767936,0.06815733050570288,0.012488365463591632,1.1647457216626738
SEATS,Night-1,S2,kDa30,0.5462242250443807,F,3,3.081476847108232,107.75819923481805,0.3791810095919833,0.06761641259195554,0.01208626860624282,1.3237510982535405
SEATS,Night-1,S2,kDa30,0.5462242250443807,F,4,2.9777397991455627,106.6602162279716,0.3842245262213601,0.06740508819256807,0.011706596810032359,1.3111866386594786
SEATS,Night-1,S2,kDa30,0.27311211252219036,G,1,1.5970824383172737,54.11808385594897,0.1985201336777503,0.0716882397685838,0.012023557475826098,1.1468454713148968
SEATS,Night-1,S2,kDa30,0.27311211252219036,G,2,1.5545862328530664,53.58972857264989,0.20742682981379607,0.06692025370419329,0.0116751121771827,1.1744896553642084
SEATS,Night-1,S2,kDa30,0.27311211252219036,G,3,1.562813559208009,53.42263751056986,0.20074223743738898,0.06801874257197256,0.011817914968219921,1.150114045195973
SEATS,Night-1,S2,kDa30,0.27311211252219036,G,4,1.5323291924676574,54.38985646833022,0.2341986207688116,0.06291341276505585,0.011950215869011474,1.4434190517465597
SEATS,Night-1,S2,T0,NA,T,NA,4.861593233671906,145.88833107982092,0.7028312279944826,0.08404365291500726,0.018505198188061504,1.3054243955267062
SEATS,Day-2,S3,um0.1&kDa30,1,A,1,4.647551150166198,159.37090549126245,0.6202150048065488,0.10780359365045392,0.02061838563970452,1.6333022770852799
SEATS,Day-2,S3,um0.1&kDa30,1,A,2,4.717949018317078,157.8722674365354,0.5877218510768685,0.11010828564079711,0.019850971169038285,1.5552949006840409
SEATS,Day-2,S3,um0.1&kDa30,1,A,3,4.680007131833243,159.30982260743951,0.5633342243772362,0.10756645041080244,0.020295517410279136,1.6579441142695577
SEATS,Day-2,S3,um0.1&kDa30,1,A,4,4.7423395697402615,161.4074682195323,0.6256315407326731,0.11172394967701489,0.020823501259993132,1.5722978250715514
SEATS,Day-2,S3,um0.1,0.819336337566571,B,1,3.7105995462157297,131.39855940518973,0.42793775788473387,0.11238563966046958,0.02112891804377481,1.800308685563028
SEATS,Day-2,S3,um0.1,0.819336337566571,B,2,3.7266703933370597,129.1497124830458,0.42250042250042247,0.1136319930606347,0.02097266407924985,1.6191793930225806
SEATS,Day-2,S3,um0.1,0.819336337566571,B,3,3.8214727800487367,133.39675484033359,0.4468767256046919,0.11178021885483203,0.02122589675966955,1.609173222703467
SEATS,Day-2,S3,um0.1,0.819336337566571,B,4,3.786392894107519,130.03213694593842,0.4116811224513154,0.10761486113385607,0.021172678200376546,1.6903977887796398
SEATS,Day-2,S3,um0.1,0.5462242250443807,C,1,2.492434088182443,92.68266710916527,0.3488394810141482,0.1185771099946248,0.02308245105398005,1.7522451958093839
SEATS,Day-2,S3,um0.1,0.5462242250443807,C,2,2.6187820756825344,90.59570634824786,0.3109171941306914,0.11747116187734875,0.023133364911394772,1.718106170499831
SEATS,Day-2,S3,um0.1,0.5462242250443807,C,3,2.548096487920343,91.9438149391257,0.31851206099004287,0.11500709262724682,0.022307203274629213,1.5325711967000855
SEATS,Day-2,S3,um0.1,0.5462242250443807,C,4,2.6204808728436393,94.36763067114966,0.3412512150230921,0.11735047499847934,0.022470214001394213,1.4627168931776058
SEATS,Day-2,S3,um0.1,0.27311211252219036,D,1,1.2780498890901488,47.85216271883086,0.14051855853489226,0.12282640083522933,0.021216207851240627,1.6594032615916232
SEATS,Day-2,S3,um0.1,0.27311211252219036,D,2,1.3271601084008366,49.30797074908924,0.162828505341109,0.12399745379065094,0.02140062776268801,1.5670293607410146
SEATS,Day-2,S3,um0.1,0.27311211252219036,D,3,1.354002662716704,48.30237989574059,0.12714775030827416,0.12378183433408611,0.021187228611871778,1.8621387282546036
SEATS,Day-2,S3,um0.1,0.27311211252219036,D,4,1.3338341400360643,49.07974317283204,0.13382951237820043,0.1210167215748714,0.021836770124197935,1.677494328209129
SEATS,Day-2,S3,kDa30,0.819336337566571,E,1,3.6860733546123954,128.45735132905378,0.41979509778581126,0.11206475665426396,0.021009125425996186,1.660372731502959
SEATS,Day-2,S3,kDa30,0.819336337566571,E,2,3.8725846961104375,130.98415741110279,0.3915971140112023,0.11549398916401636,0.021312821848773263,1.7245023685520073
SEATS,Day-2,S3,kDa30,0.819336337566571,E,3,3.7890503125180497,129.44793472378433,0.38730100870924905,0.11280449589676558,0.02197785408545525,1.7389598262846344
SEATS,Day-2,S3,kDa30,0.819336337566571,E,4,3.856764291604436,128.6545110492296,0.4495939573280626,0.10989716716470185,0.021029126884089325,1.5329927626235982
SEATS,Day-2,S3,kDa30,0.5462242250443807,F,1,2.578380338505096,87.33340472858589,0.2906999069956561,0.11582460868023735,0.021372890562165098,1.7581556063856256
SEATS,Day-2,S3,kDa30,0.5462242250443807,F,2,2.5606424631717584,87.65587271873086,0.31344487618949596,0.11623780484173818,0.021293233845663707,1.5604411263963356
SEATS,Day-2,S3,kDa30,0.5462242250443807,F,3,2.5884675680880527,NA,0.2628902768185255,0.11179565926319335,NA,1.4736621299060255
SEATS,Day-2,S3,kDa30,0.5462242250443807,F,4,2.5480135510310182,91.79926804697868,0.33872385282154804,0.12174707028828304,0.022404564813047288,1.6725735419512446
SEATS,Day-2,S3,kDa30,0.27311211252219036,G,1,1.3427779529909638,46.649272653422244,0.14052332648387184,0.1263148931940426,0.02099449772261408,1.5768731029844325
SEATS,Day-2,S3,kDa30,0.27311211252219036,G,2,1.2133845809879893,46.99188667693926,0.138290154450837,0.12727481338447855,0.021139400033602287,1.4924315451472485
SEATS,Day-2,S3,kDa30,0.27311211252219036,G,3,1.2267582620024262,48.535414140960334,0.12937115968439036,0.12844766268102487,0.02115332816917191,1.8254949311794002
SEATS,Day-2,S3,kDa30,0.27311211252219036,G,4,1.2668843566547114,47.111146797994394,0.14274753314419286,0.12751857033783914,0.021289023381581396,1.910249801421768
SEATS,Day-2,S3,T0,NA,T,NA,4.723707828945632,174.13575023399397,0.7930630953729283,0.05224888253937599,0.010766009615498461,0.9828972835983192
SEATS,Night-2,S4,um0.1&kDa30,1,A,1,5.655105281076496,207.27259954362353,0.8368905318074944,0.059849233646776315,0.01160047297286686,1.1691165103121677
SEATS,Night-2,S4,um0.1&kDa30,1,A,2,5.822929181516061,208.21711312016214,0.8287517875040074,0.0617574389747127,0.011281950646637815,1.0876599868232144
SEATS,Night-2,S4,um0.1&kDa30,1,A,3,5.546725303477018,205.4725888054626,0.8450089329515769,0.0643297655031903,0.011477593407513132,1.2392572158203867
SEATS,Night-2,S4,um0.1&kDa30,1,A,4,5.660441734337205,208.42883970867106,0.8341703608496932,0.06498550208587986,0.01112836417598765,1.2190547044551003
SEATS,Night-2,S4,um0.1,0.819336337566571,B,1,4.625900629150376,175.60607542810106,0.6175114366247012,0.06542965343298994,0.011713491390589071,1.2329009928706491
SEATS,Night-2,S4,um0.1,0.819336337566571,B,2,4.652983802575817,176.27171001562544,0.6500093787067499,0.06364465444009684,0.01174665161445585,1.3422163217210126
SEATS,Night-2,S4,um0.1,0.819336337566571,B,3,4.487852273003844,176.49001866806174,0.6175198032347742,0.06477247176045375,0.0115852115891114,1.1797244484232694
SEATS,Night-2,S4,um0.1,0.819336337566571,B,4,4.450011354047132,175.1619713883699,0.639198678247448,0.06489787618451143,0.011389734306563554,1.3549823170526656
SEATS,Night-2,S4,um0.1,0.5462242250443807,C,1,3.179966492212124,116.51114114391193,0.4196140204349861,0.06378752898160024,0.011723248150760698,1.257808611666891
SEATS,Night-2,S4,um0.1,0.5462242250443807,C,2,3.1698741994322313,117.32075123300093,0.41624628822665866,0.06374226884042114,0.011221565989461484,1.2389362574934983
SEATS,Night-2,S4,um0.1,0.5462242250443807,C,3,3.0266256634609014,115.99594513016724,0.46343137119233047,0.06698269313718547,0.012098446523591155,1.323005181666582
SEATS,Night-2,S4,um0.1,0.5462242250443807,C,4,3.1016108802935607,115.55333679782143,0.4423650902067978,0.06602653279560011,0.011296928282983985,1.2362603729862378
SEATS,Night-2,S4,um0.1,0.27311211252219036,D,1,1.547893431598512,58.92700247640863,0.18289228438878807,0.06638961698508741,0.01122543374232789,1.1718654334480691
SEATS,Night-2,S4,um0.1,0.27311211252219036,D,2,1.5635065611119972,58.62145911443745,0.20073545942920187,0.06562056403287618,0.01092300645682514,1.4515292901092014
SEATS,Night-2,S4,um0.1,0.27311211252219036,D,3,1.5122249747787084,58.75597142527171,0.18958570545415596,0.0653360893585322,0.010750599682651936,1.215556775403246
SEATS,Night-2,S4,um0.1,0.27311211252219036,D,4,1.480995027872432,56.335583111537886,0.19850649132546794,0.06537568034523644,0.010438243877176295,1.2830817424267056
SEATS,Night-2,S4,kDa30,0.819336337566571,E,1,4.643847228809545,170.2815686831383,0.5795943456259002,0.06508927201516554,0.011897876612911883,1.2027169277944796
SEATS,Night-2,S4,kDa30,0.819336337566571,E,2,4.4933278601397895,172.04829992778318,0.6500219045483384,0.06465035875087728,0.011797138257211025,1.2913486039089583
SEATS,Night-2,S4,kDa30,0.819336337566571,E,3,4.5013581834502325,170.6128152407561,0.6148065820256549,0.06704284772737788,0.011782671369497656,1.3355211644841614
SEATS,Night-2,S4,kDa30,0.819336337566571,E,4,4.590758066530111,173.94499156885843,0.6743942638687106,0.06546965080211431,0.011417185294717195,1.2505203587796005
SEATS,Night-2,S4,kDa30,0.5462242250443807,F,1,3.1066776688694877,115.45010671266536,0.4575334538911485,0.0658657582020539,0.011329490524229041,1.2903856770421545
SEATS,Night-2,S4,kDa30,0.5462242250443807,F,2,3.1015936393191756,113.82116401126594,0.3968623531006853,0.06673116436478475,0.011375259895276197,1.3105887257478805
SEATS,Night-2,S4,kDa30,0.5462242250443807,F,3,3.072130052421339,113.07354853382617,0.4158266801216836,0.06572792739774097,0.011410685824521118,1.3242180737438645
SEATS,Night-2,S4,kDa30,0.5462242250443807,F,4,3.0207015711124248,114.29809610220973,0.42803860134563976,0.06814444503892125,0.011782537225703816,1.2790835169411694
SEATS,Night-2,S4,kDa30,0.27311211252219036,G,1,1.5523561524275382,56.420212405505524,0.19850530684396392,0.06721583754812152,0.01085168571903878,1.4044038713103395
SEATS,Night-2,S4,kDa30,0.27311211252219036,G,2,1.5345345422558716,56.202327418957395,0.19850809252245646,0.06671307173806668,0.011544952087552275,1.283455355824028
SEATS,Night-2,S4,kDa30,0.27311211252219036,G,3,1.4765422891832931,59.11299131720663,0.20519919263125347,0.06252835981272904,0.01143611696235417,1.2375221662458973
SEATS,Night-2,S4,kDa30,0.27311211252219036,G,4,1.5902827140279965,57.41076802010349,0.17843361871339636,0.062252201457446685,0.011245672348582016,1.3707460106898086
SEATS,Night-2,S4,T0,NA,T,NA,4.50673729503718,156.64223224527515,0.7515728145163323,0.08465014026771216,0.01878780547763962,1.3753216475634504
